{
    "PXL_20240410_162150455.jpg": [
        40.44152,
        -79.94711
    ],
    "PXL_20240410_163048980.jpg": [
        40.44226,
        -79.94712
    ],
    "PXL_20240410_162913506.jpg": [
        40.44226,
        -79.94712
    ],
    "PXL_20240410_162518885.jpg": [
        40.44226,
        -79.94712
    ],
    "PXL_20240410_162414442.jpg": [
        40.44226,
        -79.94712
    ],
    "PXL_20240410_162750214.jpg": [
        40.44226,
        -79.94712
    ],
    "PXL_20240410_162459515.jpg": [
        40.44226,
        -79.94712
    ],
    "PXL_20240410_163059553.jpg": [
        40.44226,
        -79.94712
    ],
    "PXL_20240410_163151076.jpg": [
        40.44226,
        -79.94712
    ],
    "PXL_20240410_162802503.jpg": [
        40.44226,
        -79.94712
    ],
    "PXL_20240410_163007934.jpg": [
        40.44226,
        -79.94712
    ],
    "PXL_20240410_162121495.jpg": [
        40.44026,
        -79.94812
    ],
    "PXL_20240410_162654614.jpg": [
        40.44226,
        -79.94712
    ],
    "PXL_20240410_162846169.jpg": [
        40.44226,
        -79.94712
    ],
    "PXL_20240410_162939883.jpg": [
        40.44226,
        -79.94712
    ],
    "PXL_20240409_234158077.jpg": [
        40.44352,
        -79.94409
    ],
    "PXL_20240410_162203539.jpg": [
        40.44152,
        -79.94711
    ],
    "PXL_20240410_162340079.jpg": [
        40.44226,
        -79.94712
    ],
    "PXL_20240410_162709533.jpg": [
        40.44226,
        -79.94712
    ],
    "PXL_20240410_163035974.jpg": [
        40.44226,
        -79.94712
    ],
    "PXL_20240410_162642435.jpg": [
        40.44226,
        -79.94712
    ],
    "PXL_20240410_162136634.jpg": [
        40.44152,
        -79.94711
    ],
    "PXL_20240410_162716478.jpg": [
        40.44226,
        -79.94712
    ],
    "PXL_20240410_163136446.jpg": [
        40.44226,
        -79.94712
    ],
    "PXL_20240410_162126182.jpg": [
        40.44089,
        -79.94812
    ],
    "PXL_20240410_162419455.jpg": [
        40.44226,
        -79.94712
    ],
    "PXL_20240410_162941983.jpg": [
        40.44226,
        -79.94712
    ],
    "PXL_20240409_234225955.jpg": [
        40.44352,
        -79.94409
    ],
    "PXL_20240410_162336634.jpg": [
        40.44226,
        -79.94712
    ],
    "PXL_20240409_234320956.jpg": [
        40.44423,
        -79.94281
    ],
    "PXL_20240410_162755695.jpg": [
        40.44226,
        -79.94712
    ],
    "PXL_20240410_162123440.jpg": [
        40.44089,
        -79.94812
    ],
    "PXL_20240410_162718152.jpg": [
        40.44226,
        -79.94712
    ],
    "PXL_20240410_163014624.jpg": [
        40.44226,
        -79.94712
    ],
    "PXL_20240410_160623618.jpg": [
        40.44176,
        -79.94751
    ],
    "PXL_20240410_162931853.jpg": [
        40.44226,
        -79.94712
    ],
    "PXL_20240410_163033350.jpg": [
        40.44226,
        -79.94712
    ],
    "PXL_20240410_162549737.jpg": [
        40.44226,
        -79.94712
    ],
    "PXL_20240410_162242863.jpg": [
        40.44226,
        -79.94712
    ],
    "PXL_20240410_162436887.jpg": [
        40.44226,
        -79.94712
    ],
    "PXL_20240409_234132458.jpg": [
        40.44344,
        -79.9444
    ],
    "PXL_20240410_162857154.jpg": [
        40.44226,
        -79.94712
    ],
    "PXL_20240410_162859508.jpg": [
        40.44226,
        -79.94712
    ],
    "PXL_20240410_162140482.jpg": [
        40.44152,
        -79.94711
    ],
    "PXL_20240410_162237278.jpg": [
        40.44152,
        -79.94711
    ],
    "PXL_20240409_234324896.jpg": [
        40.44423,
        -79.94281
    ],
    "PXL_20240410_163018443.jpg": [
        40.44226,
        -79.94712
    ],
    "PXL_20240410_162800163.jpg": [
        40.44226,
        -79.94712
    ],
    "PXL_20240409_234150081.jpg": [
        40.44352,
        -79.94409
    ],
    "PXL_20240410_162918754.jpg": [
        40.44226,
        -79.94712
    ],
    "PXL_20240409_234145854.jpg": [
        40.44352,
        -79.94409
    ],
    "PXL_20240409_234227274.jpg": [
        40.44352,
        -79.94409
    ],
    "PXL_20240410_162832567.jpg": [
        40.44226,
        -79.94712
    ],
    "PXL_20240409_234332951.jpg": [
        40.44423,
        -79.94281
    ],
    "PXL_20240410_162134894.jpg": [
        40.44152,
        -79.94711
    ],
    "PXL_20240409_234444121.jpg": [
        40.44445,
        -79.94245
    ],
    "PXL_20240410_162729865.jpg": [
        40.44226,
        -79.94712
    ],
    "PXL_20240410_162936103.jpg": [
        40.44226,
        -79.94712
    ],
    "PXL_20240409_234245136.jpg": [
        40.44352,
        -79.94409
    ],
    "PXL_20240410_163108598.jpg": [
        40.44226,
        -79.94712
    ],
    "PXL_20240409_234203010.jpg": [
        40.44352,
        -79.94409
    ],
    "PXL_20240410_162647811.jpg": [
        40.44226,
        -79.94712
    ],
    "PXL_20240409_234302165.jpg": [
        40.44352,
        -79.94409
    ],
    "PXL_20240409_234238002.jpg": [
        40.44352,
        -79.94409
    ],
    "PXL_20240410_162842414.jpg": [
        40.44226,
        -79.94712
    ],
    "PXL_20240410_162559564.jpg": [
        40.44226,
        -79.94712
    ],
    "PXL_20240410_162454198.jpg": [
        40.44226,
        -79.94712
    ],
    "PXL_20240410_162601430.jpg": [
        40.44226,
        -79.94712
    ],
    "PXL_20240409_234327797.jpg": [
        40.44423,
        -79.94281
    ],
    "PXL_20240409_234135572.jpg": [
        40.44365,
        -79.94438
    ],
    "PXL_20240410_162402341.jpg": [
        40.44226,
        -79.94712
    ],
    "PXL_20240410_162955869.jpg": [
        40.44226,
        -79.94712
    ],
    "PXL_20240410_163010660.jpg": [
        40.44226,
        -79.94712
    ],
    "PXL_20240409_234208060.jpg": [
        40.44352,
        -79.94409
    ],
    "PXL_20240410_162215097.jpg": [
        40.44152,
        -79.94711
    ],
    "PXL_20240409_234214123.jpg": [
        40.44352,
        -79.94409
    ],
    "PXL_20240410_162651229.jpg": [
        40.44226,
        -79.94712
    ],
    "PXL_20240410_163117801.jpg": [
        40.44226,
        -79.94712
    ],
    "PXL_20240410_160642913.jpg": [
        40.44176,
        -79.94751
    ],
    "PXL_20240410_162424815.jpg": [
        40.44226,
        -79.94712
    ],
    "PXL_20240409_234233071.jpg": [
        40.44352,
        -79.94409
    ],
    "PXL_20240410_163130125.jpg": [
        40.44226,
        -79.94712
    ],
    "PXL_20240409_234137894.jpg": [
        40.44365,
        -79.94438
    ],
    "PXL_20240410_162159335.jpg": [
        40.44152,
        -79.94711
    ],
    "PXL_20240410_162626383.jpg": [
        40.44226,
        -79.94712
    ],
    "PXL_20240410_162605270.jpg": [
        40.44226,
        -79.94712
    ],
    "PXL_20240410_162132915.jpg": [
        40.44152,
        -79.94711
    ],
    "PXL_20240410_162142511.jpg": [
        40.44152,
        -79.94711
    ],
    "PXL_20240410_162205794.jpg": [
        40.44152,
        -79.94711
    ],
    "PXL_20240410_162552460.jpg": [
        40.44226,
        -79.94712
    ],
    "PXL_20240410_162323954.jpg": [
        40.44226,
        -79.94712
    ],
    "PXL_20240410_162248771.jpg": [
        40.44226,
        -79.94712
    ],
    "PXL_20240410_162822935.jpg": [
        40.44226,
        -79.94712
    ],
    "PXL_20240410_162450063.jpg": [
        40.44226,
        -79.94712
    ],
    "PXL_20240409_234235561.jpg": [
        40.44352,
        -79.94409
    ],
    "PXL_20240409_234130498.jpg": [
        40.44344,
        -79.9444
    ],
    "PXL_20240409_234153962.jpg": [
        40.44352,
        -79.94409
    ],
    "PXL_20240410_162317937.jpg": [
        40.44226,
        -79.94712
    ],
    "PXL_20240410_162741134.jpg": [
        40.44226,
        -79.94712
    ],
    "PXL_20240410_163134723.jpg": [
        40.44226,
        -79.94712
    ],
    "PXL_20240410_163140314.jpg": [
        40.44226,
        -79.94712
    ],