{
    "PXL_20240409_234158077.jpg": [
        40.44352,
        -79.94409
    ],
    "PXL_20240409_234225955.jpg": [
        40.44352,
        -79.94409
    ],
    "PXL_20240409_234320956.jpg": [
        40.44423,
        -79.94281
    ],
    "PXL_20240410_160623618.jpg": [
        40.44176,
        -79.94751
    ],
    "PXL_20240409_234132458.jpg": [
        40.44344,
        -79.9444
    ],
    "PXL_20240409_234324896.jpg": [
        40.44423,
        -79.94281
    ],
    "PXL_20240409_234150081.jpg": [
        40.44352,
        -79.94409
    ],
    "PXL_20240409_234145854.jpg": [
        40.44352,
        -79.94409
    ],
    "PXL_20240409_234227274.jpg": [
        40.44352,
        -79.94409
    ],
    "PXL_20240409_234332951.jpg": [
        40.44423,
        -79.94281
    ],
    "PXL_20240409_234444121.jpg": [
        40.44445,
        -79.94245
    ],
    "PXL_20240409_234245136.jpg": [
        40.44352,
        -79.94409
    ],
    "PXL_20240409_234203010.jpg": [
        40.44352,
        -79.94409
    ],
    "PXL_20240409_234302165.jpg": [
        40.44352,
        -79.94409
    ],
    "PXL_20240409_234238002.jpg": [
        40.44352,
        -79.94409
    ],
    "PXL_20240409_234327797.jpg": [
        40.44423,
        -79.94281
    ],
    "PXL_20240409_234135572.jpg": [
        40.44365,
        -79.94438
    ],
    "PXL_20240409_234208060.jpg": [
        40.44352,
        -79.94409
    ],
    "PXL_20240409_234214123.jpg": [
        40.44352,
        -79.94409
    ],
    "PXL_20240410_160642913.jpg": [
        40.44176,
        -79.94751
    ],
    "PXL_20240409_234233071.jpg": [
        40.44352,
        -79.94409
    ],
    "PXL_20240409_234137894.jpg": [
        40.44365,
        -79.94438
    ],
    "PXL_20240409_234235561.jpg": [
        40.44352,
        -79.94409
    ],
    "PXL_20240409_234130498.jpg": [
        40.44344,
        -79.9444
    ],
    "PXL_20240409_234153962.jpg": [
        40.44352,
        -79.94409
    ],
    "PXL_20240410_160517604.jpg": [
        40.44164,
        -79.94745
    ],
    "PXL_20240409_234307559.jpg": [
        40.44352,
        -79.94409
    ],
    "PXL_20240409_234318424.jpg": [
        40.44352,
        -79.94409
    ],
    "PXL_20240410_160528968.jpg": [
        40.44164,
        -79.94745
    ],
    "PXL_20240410_160617489.jpg": [
        40.44164,
        -79.94745
    ],
    "PXL_20240409_234304621.jpg": [
        40.44352,
        -79.94409
    ],
    "PXL_20240409_234229603.jpg": [
        40.44352,
        -79.94409
    ],
    "PXL_20240409_234204727.jpg": [
        40.44352,
        -79.94409
    ],
    "PXL_20240409_234251532.jpg": [
        40.44352,
        -79.94409
    ]
}