{
    "PXL_20240410_162150455.jpg": [
        40.44152,
        -79.94711
    ],
    "PXL_20240410_163327227.jpg": [
        40.44211,
        -79.94685
    ],
    "PXL_20240410_181456310.jpg": [
        40.44386,
        -79.94154
    ],
    "PXL_20240410_205436126.jpg": [
        40.44326,
        -79.94409
    ],
    "PXL_20240412_172637721.jpg": [
        40.44261,
        -79.93786
    ],
    "PXL_20240412_172923406.jpg": [
        40.44277,
        -79.9378
    ],
    "PXL_20240410_181442360.jpg": [
        40.44386,
        -79.94154
    ],
    "PXL_20240410_220113799.jpg": [
        40.44409,
        -79.94377
    ],
    "PXL_20240409_234158077.jpg": [
        40.44352,
        -79.94409
    ],
    "PXL_20240412_172537409.jpg": [
        40.44207,
        -79.93906
    ],
    "PXL_20240412_172519943.jpg": [
        40.44212,
        -79.93928
    ],
    "PXL_20240410_162203539.jpg": [
        40.44152,
        -79.94711
    ],
    "PXL_20240410_181227404.jpg": [
        40.44271,
        -79.94044
    ],
    "PXL_20240410_163323324.jpg": [
        40.44211,
        -79.94685
    ],
    "PXL_20240410_181551012.jpg": [
        40.44386,
        -79.94154
    ],
    "PXL_20240411_211021184.jpg": [
        40.44375,
        -79.94395
    ],
    "PXL_20240410_175839770.jpg": [
        40.44148,
        -79.94706
    ],
    "PXL_20240412_172638486.jpg": [
        40.44261,
        -79.93786
    ],
    "PXL_20240411_210917307.jpg": [
        40.44372,
        -79.94386
    ],
    "PXL_20240410_162136634.jpg": [
        40.44152,
        -79.94711
    ],
    "PXL_20240411_154107391.jpg": [
        40.4428,
        -79.93778
    ],
    "PXL_20240410_181159892.jpg": [
        40.44211,
        -79.94024
    ],
    "PXL_20240410_181209633.jpg": [
        40.44211,
        -79.94024
    ],
    "PXL_20240410_162126182.jpg": [
        40.44089,
        -79.94812
    ],
    "PXL_20240410_181417441.jpg": [
        40.4431,
        -79.94122
    ],
    "PXL_20240410_181459817.jpg": [
        40.44386,
        -79.94154
    ],
    "PXL_20240410_175642703.jpg": [
        40.44148,
        -79.94706
    ],
    "PXL_20240410_181452158.jpg": [
        40.44386,
        -79.94154
    ],
    "PXL_20240410_220028825.jpg": [
        40.44409,
        -79.94377
    ],
    "PXL_20240411_210921010.jpg": [
        40.44372,
        -79.94386
    ],
    "PXL_20240410_220046199.jpg": [
        40.44409,
        -79.94377
    ],
    "PXL_20240411_154053978.jpg": [
        40.4428,
        -79.93778
    ],
    "PXL_20240412_172529740.jpg": [
        40.44207,
        -79.93918
    ],
    "PXL_20240410_175829528.jpg": [
        40.44148,
        -79.94706
    ],
    "PXL_20240411_210950682.jpg": [
        40.44372,
        -79.94386
    ],
    "PXL_20240409_234225955.jpg": [
        40.44352,
        -79.94409
    ],
    "PXL_20240411_210914420.jpg": [
        40.4434,
        -79.94456
    ],
    "PXL_20240409_234320956.jpg": [
        40.44423,
        -79.94281
    ],
    "PXL_20240410_181226561.jpg": [
        40.44271,
        -79.94044
    ],
    "PXL_20240411_182108499.jpg": [
        40.44353,
        -79.94473
    ],
    "PXL_20240410_181321161.jpg": [
        40.44271,
        -79.94044
    ],
    "PXL_20240410_220123444.jpg": [
        40.44409,
        -79.94377
    ],
    "PXL_20240410_162123440.jpg": [
        40.44089,
        -79.94812
    ],
    "PXL_20240411_154045950.jpg": [
        40.4428,
        -79.93779
    ],
    "PXL_20240411_154051832.jpg": [
        40.4428,
        -79.93778
    ],
    "PXL_20240412_170431762.jpg": [
        40.44198,
        -79.94226
    ],
    "PXL_20240410_160623618.jpg": [
        40.44176,
        -79.94751
    ],
    "PXL_20240410_220051200.jpg": [
        40.44409,
        -79.94377
    ],
    "PXL_20240410_162242863.jpg": [
        40.44226,
        -79.94712
    ],
    "PXL_20240410_163259978.jpg": [
        40.44226,
        -79.94712
    ],
    "PXL_20240409_234132458.jpg": [
        40.44344,
        -79.9444
    ],
    "PXL_20240410_162140482.jpg": [
        40.44152,
        -79.94711
    ],
    "PXL_20240410_181443556.jpg": [
        40.44386,
        -79.94154
    ],
    "PXL_20240410_162237278.jpg": [
        40.44152,
        -79.94711
    ],
    "PXL_20240409_234324896.jpg": [
        40.44423,
        -79.94281
    ],
    "PXL_20240410_163301728.jpg": [
        40.44226,
        -79.94712
    ],
    "PXL_20240410_181254057.jpg": [
        40.44271,
        -79.94044
    ],
    "PXL_20240412_172438717.jpg": [
        40.44227,
        -79.93975
    ],
    "PXL_20240409_234150081.jpg": [
        40.44352,
        -79.94409
    ],
    "PXL_20240412_172406415.jpg": [
        40.44237,
        -79.94024
    ],
    "PXL_20240410_181430532.jpg": [
        40.44386,
        -79.94154
    ],
    "PXL_20240409_234145854.jpg": [
        40.44352,
        -79.94409
    ],
    "PXL_20240410_181425278.jpg": [
        40.44386,
        -79.94154
    ],
    "PXL_20240412_172551264.jpg": [
        40.44217,
        -79.93884
    ],
    "PXL_20240412_172343950.jpg": [
        40.44246,
        -79.9406
    ],
    "PXL_20240412_172443485.jpg": [
        40.44227,
        -79.9397
    ],
    "PXL_20240409_234227274.jpg": [
        40.44352,
        -79.94409
    ],
    "PXL_20240409_234332951.jpg": [
        40.44423,
        -79.94281
    ],
    "PXL_20240410_162134894.jpg": [
        40.44152,
        -79.94711
    ],
    "PXL_20240409_234444121.jpg": [
        40.44445,
        -79.94245
    ],
    "PXL_20240410_175618639.jpg": [
        40.44167,
        -79.94756
    ],
    "PXL_20240412_172635854.jpg": [
        40.4426,
        -79.93789
    ],
    "PXL_20240409_234245136.jpg": [
        40.44352,
        -79.94409
    ],
    "PXL_20240410_181447096.jpg": [
        40.44386,
        -79.94154
    ],
    "PXL_20240410_215957552.jpg": [
        40.44353,
        -79.94433
    ],
    "PXL_20240410_181307207.jpg": [
        40.44271,
        -79.94044
    ],
    "PXL_20240412_172403978.jpg": [
        40.44237,
        -79.94025
    ],
    "PXL_20240412_170434160.jpg": [
        40.44198,
        -79.94226
    ],
    "PXL_20240410_205437802.jpg": [
        40.44326,
        -79.94409
    ],
    "PXL_20240410_175631712.jpg": [
        40.44148,
        -79.94706
    ],
    "PXL_20240410_220000373.jpg": [
        40.44409,
        -79.94377
    ],
    "PXL_20240411_154138330.jpg": [
        40.44279,
        -79.93777
    ],
    "PXL_20240410_220034034.jpg": [
        40.44409,
        -79.94377
    ],
    "PXL_20240412_172435849.jpg": [
        40.44227,
        -79.9398
    ],
    "PXL_20240409_234203010.jpg": [
        40.44352,
        -79.94409
    ],
    "PXL_20240410_163344789.jpg": [
        40.44211,
        -79.94685
    ],
    "PXL_20240411_210934354.jpg": [
        40.44372,
        -79.94386
    ],
    "PXL_20240410_175623224.jpg": [
        40.44149,
        -79.94704
    ],
    "PXL_20240410_181454226.jpg": [
        40.44386,
        -79.94154
    ],
    "PXL_20240411_154050024.jpg": [
        40.4428,
        -79.93778
    ],
    "PXL_20240410_220024414.jpg": [
        40.44409,
        -79.94377
    ],
    "PXL_20240412_172437400.jpg": [
        40.44227,
        -79.93976
    ],
    "PXL_20240411_182029987.jpg": [
        40.44607,
        -79.94603
    ],
    "PXL_20240409_234302165.jpg": [
        40.44352,
        -79.94409
    ],
    "PXL_20240409_234238002.jpg": [
        40.44352,
        -79.94409
    ],
    "PXL_20240411_154127371.jpg": [
        40.44279,
        -79.93776
    ],
    "PXL_20240410_205434893.jpg": [
        40.44326,
        -79.94409
    ],
    "PXL_20240409_234327797.jpg": [
        40.44423,
        -79.94281
    ],
    "PXL_20240409_234135572.jpg": [
        40.44365,
        -79.94438
    ],
    "PXL_20240409_234208060.jpg": [
        40.44352,
        -79.94409
    ],
    "PXL_20240410_220016172.jpg": [
        40.44409,
        -79.94377
    ],