{
    "PXL_20240411_182036209.jpg": [
        40.44607,
        -79.94603
    ],
    "PXL_20240411_211118468.jpg": [
        40.44375,
        -79.94395
    ],
    "PXL_20240411_211110815.jpg": [
        40.44375,
        -79.94395
    ],
    "PXL_20240411_211021184.jpg": [
        40.44375,
        -79.94395
    ],
    "PXL_20240411_210917307.jpg": [
        40.44372,
        -79.94386
    ],
    "PXL_20240411_210921010.jpg": [
        40.44372,
        -79.94386
    ],
    "PXL_20240411_210950682.jpg": [
        40.44372,
        -79.94386
    ],
    "PXL_20240411_210914420.jpg": [
        40.4434,
        -79.94456
    ],
    "PXL_20240411_182108499.jpg": [
        40.44353,
        -79.94473
    ],
    "PXL_20240411_211407055.jpg": [
        40.44376,
        -79.94397
    ],
    "PXL_20240411_182037995.jpg": [
        40.44607,
        -79.94603
    ],
    "PXL_20240411_210934354.jpg": [
        40.44372,
        -79.94386
    ],
    "PXL_20240411_182029987.jpg": [
        40.44607,
        -79.94603
    ],
    "PXL_20240411_211036210.jpg": [
        40.44375,
        -79.94395
    ],
    "PXL_20240411_210925806.jpg": [
        40.44372,
        -79.94386
    ],
    "PXL_20240411_211124209.jpg": [
        40.44375,
        -79.94395
    ],
    "PXL_20240411_211026498.jpg": [
        40.44375,
        -79.94395
    ],
    "PXL_20240411_182034138.jpg": [
        40.44607,
        -79.94603
    ],
    "PXL_20240411_211053799.jpg": [
        40.44375,
        -79.94395
    ],
    "PXL_20240411_210948791.jpg": [
        40.44372,
        -79.94386
    ],
    "PXL_20240411_182032370.jpg": [
        40.44607,
        -79.94603
    ],
    "PXL_20240411_210922885.jpg": [
        40.44372,
        -79.94386
    ]
}